{"type": "block", "layer": 3, "block": 2, "features": [{"geom": {"lines": [[-570.6732314098626, 579.640106741339, 139.6842498779297, -619.1194738037884, 609.1770039731637, 139.45887756347656, -634.6485427692533, 633.6636352390051, 139.0, -637.6319051217288, 658.150342955254, 139.0, -635.2385360710323, 692.7953389324248, 138.9090576171875, -625.0861985106021, 718.468317065388, 138.7222137451172, -590.4547049254179, 757.2840300239623, 138.3447265625, -558.8065736908466, 799.6773593779653, 0.0, -557.0143298897892, 815.8044848181307, 0.0, -562.3910612966865, 838.4934742683545, 0.0, -571.9422736056149, 854.6206795293838, 0.0, -598.2136734332889, 876.123671467416, 0.0, -668.6789111047983, 903.5955512123182, 0.0, -691.9669485781342, 920.9090067530051, 0.0, -714.6649927515537, 953.7568501066417, 0.0, -812.603880751878, 1072.5803375141695, 0.0, -835.2907929755747, 1107.8202366735786, 0.0, -840.9680870063603, 1132.002322060056, 0.0, -843.0497614834458, 1156.7775580761954, 0.0, -839.3428224399686, 1189.9324944419786, 0.0, -832.3074306212366, 1224.2546016136184, 0.0, -817.9694802071899, 1277.4025087729096, 0.0, -780.3546242676675, 1347.8843062110245, 0.0, -745.1220054309815, 1435.6621969547123, 0.0, -663.4914228338748, 1716.6613672692329, 0.0, -647.7397148869932, 1830.9044617004693, 0.0, -659.550712859258, 1860.0634079035372, 0.0, -754.1166202891618, 1982.1915896208957, 0.0, -956.6179059911519, 2245.3773032398894, 0.0, -973.4716768972576, 2268.548784044571, 0.0, -974.0616701990366, 2287.0515763442963, 0.0, -965.7015764396638, 2313.3420719271526, 0.0, -871.3583079930395, 2411.2720734691247, 0.0, -839.699044810608, 2454.8606933392584, 0.0, -802.0841888710856, 2505.6250937869772, 0.0, -774.0205452423543, 2552.7924622297287, 0.0, -753.7158701214939, 2582.0497676152736, 0.0, -743.5635325610638, 2615.4977560332045, 0.0, -752.5581474173814, 2653.098210834898, 0.0]]}, "mtl": 0}, {"geom": {"lines": [[340.8552870005369, -1759.6578912148252, 125.13987731933594, 306.71359917521477, -1783.9840572327375, 124.99817657470703, 181.6238873694092, -1849.1785751124844, 125.64759826660156, 52.00347229093313, -1919.4786566197872, 126.48656463623047, 24.618877556174994, -1935.2750517930835, 126.00618743896484, -58.65923350676894, -1970.0423082830384, 126.84236145019531, -69.73552284017205, -1974.6702812984586, 126.26815795898438, -378.0237206444144, -2190.3652175478637, 122.48246002197266, -403.43796039000154, -2201.5906006675214, 122.93404388427734, -428.65182505734265, -2212.835090994835, 123.52108764648438, -483.6102576609701, -2241.0036158896983, 123.0, -507.45489258877933, -2244.139820142649, 124.32112121582031, -532.8580003865063, -2236.0698286136612, 125.0, -544.6801303103566, -2224.8444948345423, 125.57161712646484, -560.1869353782386, -2209.870983714238, 126.28175354003906, -716.3681809604168, -2008.8636502064764, 128.9545440673828, -746.8251936417073, -1978.112573507242, 130.50221252441406, -807.1380937546492, -1907.640901372768, 131.53717041015625, -817.2904313150793, -1892.724156882614, 131.1752166748047, -819.3832377400249, -1881.6704484345391, 131.085693359375, -816.9898686893284, -1863.464306447655, 130.99917602539062, -808.6297749318182, -1811.8098857654259, 130.4154510498047, -808.9303375557065, -1752.6774915959686, 132.17591857910156, -801.7613623477519, -1689.375501862727, 133.72044372558594, -784.4511815290898, -1633.5507552865893, 133.3032989501953, -770.4137937407941, -1593.8286912851036, 134.45413208007812, -767.1298687625676, -1561.890246459283, 134.2250213623047, -760.5620188061148, -1541.5796228796244, 134.08297729492188, -743.8418312892318, -1520.6760730762035, 133.92347717285156, -708.9097750782967, -1494.7043388970196, 133.84417724609375, -605.8947182968259, -1432.0122727649286, 132.31192016601562, -572.4543432630599, -1408.411773936823, 134.33987426757812, -560.6656091883779, -1391.1034213136882, 134.68414306640625, -568.8141959160566, -1367.1202927883714, 134.84597778320312, -601.3974108677357, -1313.2631755247712, 133.40969848632812, -629.9063324611634, -1261.2034940635785, 133.3392333984375, -681.9481944069266, -1164.8099314123392, 135.74180603027344, -700.505153523758, -1116.3831945443526, 135.85107421875, -700.0598755590618, -1092.8582500126213, 135.49380493164062, -697.2880202401429, -1069.4097391525283, 135.23072814941406]]}, "mtl": 0}, {"geom": {"lines": [[-934.5989107117057, 40.87907388806343, 143.3721160888672, -835.2907929755747, -22.513396070338786, 142.0, -680.1336867064238, -121.1590178431943, 141.19508361816406, -513.7221799213439, -231.54806127864867, 140.52334594726562, -284.61553592048585, -391.05566736962646, 139.07188415527344, -74.57792069017887, -521.1038980195299, 138.0, -5.637760041281581, -564.7716171937063, 137.29827880859375, 255.62908485159278, -742.2899646041915, 135.88015747070312, 363.04126151651144, -811.8540266901255, 135.78944396972656, 388.2996539771557, -814.9908024156466, 136.54417419433594, 412.34466398879886, -814.8186623165384, 135.9148406982422, 440.30812007561326, -812.9825010308996, 135.01051330566406, 461.69259425625205, -807.1106073604897, 135.077392578125, 534.1281869150698, -804.9301636395976, 135.76205444335938, 554.2770147491246, -809.3101771632209, 135.06907653808594, 719.8981531523168, -788.8637175429612, 133.27792358398438, 744.9005107842386, -782.1311017740518, 134.4373016357422, 757.4128215499222, -776.7947345990688, 134.5430450439453, 769.1236319802701, -770.6741656335071, 134.42784118652344, 796.8421851880848, -753.2878983495757, 133.52877807617188, 834.9023190904409, -722.9335637539625, 133.51466369628906, 916.8000684678555, -663.161767533049, 135.24301147460938]]}, "mtl": 0}, {"geom": {"lines": [[1482.6036443207413, -1955.0874346615747, 119.94938659667969, 1512.5597192943096, -1967.0207376517355, 119.96468353271484, 1537.773583959788, -1982.7787894215435, 119.8798599243164, 1557.8667520470917, -1997.3702581599355, 119.77528381347656, 1570.4792503546923, -2013.9123229188845, 119.58232116699219, 1576.7799335327, -2034.3938368456438, 119.93923950195312, 1589.3812998905778, -2071.03476849664, 121.45806121826172, 1601.9937981981784, -2096.258775940165, 122.14834594726562, 1658.722210707143, -2191.589110184461, 125.88159942626953, 1687.4871671255678, -2243.20278363768, 122.93463897705078, 1692.6078637037426, -2263.7028220286593, 0.0, 1708.370703600347, -2304.2820310769603, 0.0, 1740.286001611501, -2366.9097574539483, 0.0, 1776.1308776456863, -2431.525748620741, 0.0, 1797.0144141186029, -2472.8881175946444, 0.0, 1817.4972004238516, -2534.367148823105, 0.0, 1827.7497255261987, -2568.23299722746, 0.0, 1833.260040320456, -2579.6681857462972, 0.0, 1841.1414602696896, -2585.978566921316, 0.0, 1850.2028668206185, -2587.5466002449393, 0.0, 1875.0271132662892, -2578.100150848739, 0.0, 1926.2452109791338, -2551.692101392895, 0.0, 2001.0964365899563, -2508.3605256741866, 0.0, 2033.4013528190553, -2498.8948583463207, 0.0, 2074.3780573792756, -2481.168214264326, 0.0, 2113.7740251701325, -2461.8734719892964, 0.0, 2147.659678168595, -2439.8058889470994, 0.0, 2225.672377318144, -2387.0078928256407, 0.0, 2284.3711448106915, -2359.8342836508527, 0.0, 2319.3922566156834, -2346.008406959474, 0.0]]}, "mtl": 0}, {"geom": {"lines": [[1394.2493644803762, -1880.8672371804714, 120.63935852050781, 1250.6583533044904, -1956.0245055863634, 119.391357421875, 1047.6227340474725, -2015.1362430872396, 118.92427825927734, 857.1773491986096, -2061.0331115480512, 121.09146118164062]]}, "mtl": 0}, {"geom": {"lines": [[683.6859227977693, -1346.8856663890183, 127.82190704345703, 676.9065658077598, -1342.5824546115473, 127.57177734375, 671.3851190637797, -1338.6426230883226, 127.3987045288086, 669.7153267022222, -1336.9022114472464, 127.3576889038086, 668.0344023928046, -1334.702789590694, 127.32542419433594, 664.8840608019382, -1328.391401705332, 127.3078842163086, 659.7522322777659, -1312.976293581538, 127.4194564819336, 654.5313481576741, -1296.1076169740409, 127.82132720947266]]},